year,rank,player,points,sets_played,kills,kills_per_set,attack_errors,attack_attempts,kill_percentage,assists,assists_per_set,setting_errors,service_aces,service_errors,service_aces_per_set,total_reception_attempts,reception_errors,positive_reception_percentage,digs,digs_per_set,blocks,blocks_per_set,block_assists,good_receptions
2021,1,"Larson, Jordan",4569,45,213,4.73,79,581,0.23,37,0.82,NA,15,15,0.33,126,3,0.69,190,4.22,19,0.42,NA,87
2021,2,"De La Cruz-Mejía, Bethania",3690,45,193,4.29,51,499,0.28,9,0.2,NA,14,22,0.31,171,6,0.61,117,2.6,8,0.18,NA,104
2021,3,"King, Brie",3675,45,20,0.44,3,50,0.34,570,12.67,NA,9,7,0.2,NA,NA,NA,177,3.93,17,0.38,NA,NA
2021,4,"Cruz, Aury",3582,42,171,4.07,54,418,0.28,13,0.31,1,10,9,0.24,145,5,0.62,117,2.79,9,0.21,NA,90
2021,5,"Lowe, Karsta",3566,45,230,5.11,74,558,0.28,7,0.16,2,4,13,0.09,1,1,NA,131,2.91,17,0.38,NA,NA
2021,6,"McClendon, Deja",3127,44,118,2.68,58,342,0.18,9,0.2,NA,9,13,0.2,326,19,0.59,128,2.91,14,0.32,NA,193
2021,7,"Nwanebu, Ebony",3031,45,167,3.71,62,477,0.22,5,0.11,NA,4,7,0.09,NA,NA,NA,126,2.8,21,0.47,NA,NA
2021,8,"Hunter, Kelly",3027,43,20,0.47,5,49,0.31,415,9.65,NA,9,7,0.21,NA,NA,NA,132,3.07,15,0.35,NA,NA
2021,9,"Gibbemeyer, Lauren",2891,45,95,2.11,17,225,0.35,6,0.13,1,8,7,0.18,NA,NA,NA,21,0.47,33,0.73,NA,NA
2021,10,"Tupac, Kristen",2825,45,NA,NA,NA,NA,NA,31,0.69,NA,NA,NA,NA,390,9,0.57,200,4.44,NA,NA,NA,221
2021,11,"Sybeldon, Lianna",2798,45,84,1.87,13,199,0.36,3,0.07,NA,7,7,0.16,1,NA,1,37,0.82,27,0.6,NA,1
2021,12,"Stalzer, Lindsay",2745,43,90,2.09,43,293,0.16,3,0.07,NA,3,9,0.07,436,16,0.47,116,2.7,18,0.42,NA,205
2021,13,"Morgan, Taylor",2551,45,82,1.82,16,168,0.39,2,0.04,NA,2,10,0.04,NA,NA,NA,37,0.82,23,0.51,NA,NA
2021,14,"Clark, Tiffany",2529,45,NA,NA,NA,NA,NA,28,0.62,NA,NA,NA,NA,353,13,0.58,173,3.84,NA,NA,NA,206
2021,15,"Edmond, Leah",2260,36,123,3.42,43,337,0.24,4,0.11,NA,9,9,0.25,294,15,0.49,100,2.78,22,0.61,NA,144
2021,16,"Vélez Agosto, Nomaris",2434,45,NA,NA,NA,NA,NA,26,0.58,NA,NA,NA,NA,211,10,0.59,176,3.91,NA,NA,NA,124
2021,17,"Manns, Kaylee",2406,33,13,0.39,2,24,0.46,313,9.48,1,NA,4,NA,NA,NA,NA,69,2.09,1,0.03,NA,NA
2021,18,"Seliger-Swenson, Samantha",2390,40,16,0.4,3,43,0.3,429,10.73,NA,9,4,0.23,NA,NA,NA,133,3.33,4,0.1,NA,NA
2021,19,"Castro, Sheilla",2350,39,100,2.56,34,330,0.2,6,0.15,NA,3,11,0.08,2,NA,NA,76,1.95,12,0.31,NA,NA
2021,20,"Grant, Nia",2323,44,63,1.43,20,142,0.3,3,0.07,1,NA,2,NA,NA,NA,NA,16,0.36,22,0.5,NA,NA
2021,21,"Sandbothe, Taylor",2315,45,68,1.51,22,187,0.25,9,0.2,NA,14,16,0.31,NA,NA,NA,34,0.76,28,0.62,NA,NA
2021,22,"McCage, Molly",2247,45,117,2.6,26,233,0.39,3,0.07,NA,3,16,0.07,NA,NA,NA,24,0.53,26,0.58,NA,NA
2021,23,"Atkinson, Sherridan",2230,37,113,3.05,35,329,0.24,1,0.03,1,1,7,0.03,NA,NA,NA,85,2.3,18,0.49,NA,NA
2021,24,"Lichtman, Cassidy",2123,36,66,1.83,20,232,0.2,5,0.14,NA,8,NA,0.22,228,5,0.62,114,3.17,5,0.14,NA,142
2021,25,"Rosado, Dalianliz",2199,45,NA,NA,NA,NA,NA,38,0.84,NA,NA,NA,NA,328,21,0.44,165,3.67,NA,NA,NA,144
2021,26,"Lohman, Molly",2003,40,2,0.05,2,11,NA,1,0.03,NA,6,5,0.15,NA,NA,NA,14,0.35,4,0.1,NA,NA
2021,27,"Abbott, Symone",1914,42,118,2.81,51,333,0.2,6,0.14,NA,2,14,0.05,371,18,0.49,108,2.57,5,0.12,NA,180
2021,28,"Holston, Alex",1863,20,44,2.2,15,121,0.24,2,0.1,NA,1,1,0.05,NA,NA,NA,17,0.85,5,0.25,NA,NA
2021,29,"Wilson, Erica",899,9,12,1.33,7,32,0.16,NA,NA,NA,1,NA,0.11,35,6,0.17,7,0.78,NA,NA,NA,6
2021,30,"Freeman, Sareea",938,12,4,0.33,1,6,0.5,NA,NA,NA,1,1,0.08,NA,NA,NA,6,0.5,2,0.17,NA,NA
2021,31,"Bruns, Taylor",1524,29,7,0.24,3,36,0.11,297,10.24,NA,5,3,0.17,NA,NA,NA,51,1.76,3,0.1,NA,NA
2021,32,"Crocker, Cori",1603,45,68,1.51,14,156,0.35,7,0.16,2,4,9,0.09,NA,NA,NA,32,0.71,29,0.64,NA,NA
2021,33,"Toliver, Holly",1461,36,4,0.11,2,11,0.18,2,0.06,1,4,15,0.11,51,6,0.39,27,0.75,1,0.03,NA,20
2021,34,"Carter, Katie",1313,27,25,0.93,15,99,0.1,1,0.04,NA,3,7,0.11,NA,NA,NA,36,1.33,1,0.04,NA,NA
2021,36,"Bastianelli, Ali",1011,35,46,1.31,23,122,0.19,1,0.03,NA,3,17,0.09,NA,NA,NA,18,0.51,24,0.69,NA,NA
2021,37,"Handley, Erica",250,6,2,0.33,NA,2,1,20,3.33,NA,NA,1,NA,NA,NA,NA,2,0.33,1,0.17,NA,NA
2021,39,"Fairs, Erin",1279,24,22,0.92,21,75,0.01,3,0.13,NA,5,5,0.21,97,6,0.56,32,1.33,3,0.13,NA,54
2021,40,"Aliyeva, Odina",1154,25,32,1.28,15,108,0.16,4,0.16,NA,NA,5,NA,157,5,0.51,42,1.68,7,0.28,NA,80
2021,41,"Wieser, Kristy",134,5,1,0.2,1,3,NA,NA,NA,NA,NA,2,NA,NA,NA,NA,2,0.4,2,0.4,NA,NA
2021,42,"Nichol, Valerie",1010,9,6,0.67,1,11,0.45,80,8.89,NA,NA,1,NA,NA,NA,NA,26,2.89,1,0.11,NA,NA
2021,43,"Johnson, Willow",1072,17,59,3.47,26,185,0.18,1,0.06,NA,1,2,0.06,NA,NA,NA,35,2.06,5,0.29,NA,NA
2021,44,"Peterson, Amanda",1049,17,NA,NA,NA,NA,NA,5,0.29,NA,1,1,0.06,NA,NA,NA,8,0.47,NA,NA,NA,NA
2021,45,"Holman, Briana",270,4,11,2.75,1,24,0.42,NA,NA,NA,NA,1,NA,NA,NA,NA,2,0.5,1,0.25,NA,NA
2022,1,"De La Cruz-Mejía, Bethania",4652,45,233,5.18,57,610,0.29,12,0.27,2,18,19,0.4,239,9,0.55,168,3.73,11,0.24,NA,131
2022,2,"Valentin-Anderson, Natalia",3337,46,17,0.37,3,52,0.27,543,11.8,11,13,12,0.28,2,NA,NA,195,4.24,8,0.17,NA,NA
2022,3,"Drews, Dani",3308,45,222,4.93,76,661,0.22,1,0.02,2,14,11,0.31,160,6,0.43,119,2.64,17,0.38,NA,68
2022,4,"Lichtman, Cassidy",3279,46,88,1.91,29,355,0.17,13,0.28,NA,11,3,0.24,203,8,0.61,144,3.13,13,0.28,NA,123
2022,5,"Tomkom, Nootsara",3027,45,8,0.18,2,24,0.25,533,11.84,9,9,5,0.2,1,NA,NA,146,3.24,4,0.09,NA,NA
2022,6,"Edmond, Leah",2957,39,172,4.41,59,435,0.26,7,0.18,3,3,16,0.08,299,16,0.47,74,1.9,16,0.41,NA,142
2022,7,"Hentz, Morgan",2950,46,NA,NA,NA,NA,NA,44,0.96,1,NA,NA,NA,270,7,0.54,229,4.98,NA,NA,NA,147
2022,8,"Castro, Sheilla",2799,36,137,3.81,38,396,0.25,8,0.22,2,5,27,0.14,3,NA,0.67,103,2.86,9,0.25,NA,2
2022,9,"Stone, Ronika",2784,38,71,1.87,13,150,0.39,NA,NA,NA,7,7,0.18,4,NA,0.25,26,0.68,21,0.55,NA,1
2022,10,"Fairs, Erin",2704,42,118,2.81,50,385,0.18,5,0.12,3,7,11,0.17,377,23,0.51,159,3.79,9,0.21,NA,192
2022,11,"Vélez Agosto, Nomaris",2701,45,NA,NA,NA,NA,NA,27,0.6,NA,NA,NA,NA,254,13,0.54,194,4.31,NA,NA,NA,137
2022,12,"Cruz, Aury",2667,35,107,3.06,50,337,0.17,10,0.29,NA,7,5,0.2,168,12,0.55,127,3.63,3,0.09,NA,93
2022,13,"Stalzer, Lindsay",2604,46,157,3.41,64,526,0.18,5,0.11,2,11,10,0.24,327,22,0.5,122,2.65,10,0.22,NA,164
2022,14,"Lishman, Hana",2597,45,NA,NA,NA,NA,NA,41,0.91,NA,NA,NA,NA,278,11,0.58,181,4.02,NA,NA,NA,161
2022,15,"Benson, Amanda",2368,46,NA,NA,NA,NA,NA,33,0.72,2,NA,NA,NA,187,7,0.65,214,4.65,NA,NA,NA,121
2022,16,"Rosenthal, Jenna",2348,45,91,2.02,21,200,0.35,2,0.04,NA,1,8,0.02,1,NA,NA,18,0.4,26,0.58,NA,NA
2022,17,"Childress, Alisha",2293,39,12,0.31,5,25,0.28,374,9.59,5,5,3,0.13,1,NA,NA,108,2.77,7,0.18,NA,NA
2022,18,"Villines, Madison",2267,46,146,3.17,74,486,0.15,6,0.13,1,5,14,0.11,303,16,0.5,137,2.98,15,0.33,NA,150
2022,19,"Fonoimoana, Falyn",2209,44,126,2.86,54,376,0.19,2,0.05,2,10,14,0.23,2,NA,0.5,103,2.34,9,0.2,NA,1
2022,20,"Lowe, Karsta",1771,21,110,5.24,32,288,0.27,NA,NA,1,1,1,0.05,1,NA,NA,73,3.48,8,0.38,NA,NA
2022,21,"Sandbothe, Taylor",2098,40,77,1.93,22,217,0.25,7,0.18,2,8,7,0.2,5,NA,0.4,41,1.03,22,0.55,NA,2
2022,22,"Lloyd, Carli",2076,45,15,0.33,7,55,0.15,355,7.89,7,4,11,0.09,2,NA,NA,119,2.64,18,0.4,NA,NA
2022,23,"Bastianelli, Ali",2308,44,47,1.07,20,134,0.2,3,0.07,NA,12,21,0.27,2,1,NA,18,0.41,33,0.75,NA,NA
2022,24,"Mau, Kalei",2033,35,57,1.63,35,215,0.1,1,0.03,NA,3,4,0.09,140,6,0.54,58,1.66,9,0.26,NA,76
2022,25,"Peterson, Jamie",2012,33,74,2.24,25,242,0.2,6,0.18,NA,4,22,0.12,239,18,0.55,63,1.91,6,0.18,NA,132
2022,26,"Xue, Eri",1978,44,68,1.55,28,154,0.26,13,0.3,3,11,8,0.25,7,NA,0.57,25,0.57,17,0.39,NA,4
2022,27,"Sybeldon, Lianna",1924,44,59,1.34,18,165,0.25,8,0.18,1,3,13,0.07,4,NA,0.5,28,0.64,21,0.48,NA,2
2022,28,"McCage, Molly",1921,32,61,1.91,27,162,0.21,NA,NA,NA,6,16,0.19,1,NA,1,19,0.59,27,0.84,NA,1
2022,29,"Willis, Emma",758,16,20,1.25,7,48,0.27,4,0.25,NA,1,4,0.06,3,NA,NA,6,0.38,3,0.19,NA,NA
2022,30,"Morgan, Taylor",1839,34,48,1.41,10,116,0.33,6,0.18,NA,5,10,0.15,3,NA,0.67,25,0.74,20,0.59,NA,2
2022,31,"Fricano, Taylor",1119,16,22,1.38,4,71,0.25,NA,NA,1,1,2,0.06,NA,NA,NA,27,1.69,6,0.38,NA,NA
2022,32,"Dilfer, Tori",1728,30,1,0.03,NA,2,0.5,12,0.4,1,5,5,0.17,NA,NA,NA,20,0.67,NA,NA,NA,NA
2022,33,"Nichol, Valerie",1661,20,16,0.8,5,41,0.27,124,6.2,NA,2,6,0.1,2,NA,NA,56,2.8,5,0.25,NA,NA
2022,34,"Santos, Ray",979,21,3,0.14,2,11,0.09,107,5.1,5,3,3,0.14,NA,NA,NA,50,2.38,6,0.29,NA,NA
2022,35,"Withers, Niki",518,4,2,0.5,NA,3,0.67,NA,NA,1,NA,NA,NA,NA,NA,NA,2,0.5,2,0.5,NA,NA
2022,36,"Bruns Tegenrot, Taylor",1605,31,4,0.13,NA,9,0.44,47,1.52,NA,3,4,0.1,NA,NA,NA,26,0.84,1,0.03,NA,NA
2022,37,"Wilson, Erica",1085,20,34,1.7,14,107,0.19,4,0.2,NA,2,7,0.1,NA,NA,NA,45,2.25,1,0.05,NA,NA
2022,38,"McClendon, Deja",1379,33,38,1.15,23,120,0.13,5,0.15,1,1,5,0.03,196,11,0.57,58,1.76,4,0.12,NA,111
2022,39,"Crittenden, Naya",607,11,3,0.27,5,15,-0.13,NA,NA,NA,NA,1,NA,NA,NA,NA,3,0.27,3,0.27,NA,NA
2022,40,"Fara, Rachael",1125,23,37,1.61,12,80,0.31,1,0.04,1,5,6,0.22,NA,NA,NA,12,0.52,7,0.3,NA,NA
2022,41,"Santos-Lamb, Noami",834,11,14,1.27,12,57,0.04,1,0.09,1,NA,3,NA,87,2,0.54,17,1.55,3,0.27,NA,47
2022,42,"Stivrins, Lauren",902,15,25,1.67,13,63,0.19,1,0.07,NA,7,12,0.47,5,NA,0.2,15,1,11,0.73,NA,1
2022,43,"McNeal, Sha'Dare",622,11,16,1.45,9,46,0.15,1,0.09,1,NA,3,NA,26,2,0.62,32,2.91,1,0.09,NA,16
2022,44,"Boe, Tina",92,1,NA,NA,NA,NA,NA,NA,NA,NA,NA,NA,NA,NA,NA,NA,NA,NA,1,1,NA,NA
2023,1,"Edmond, Leah",4313,45,224,4.98,64,525,0.3,9,0.2,NA,5,12,0.11,368,18,0.47,152,3.38,26,0.58,NA,174
2023,2,"Linnehan, Alli",3748,45,164,3.64,38,512,0.25,10,0.22,NA,6,7,0.13,246,11,0.49,124,2.76,23,0.51,NA,121
2023,3,"Nuneviller, Brooke",3582,46,179,3.89,36,487,0.29,7,0.15,2,8,13,0.17,286,7,0.55,156,3.39,4,0.09,NA,157
2023,4,"Valentin-Anderson, Natalia",3369,46,23,0.5,3,50,0.4,544,11.83,8,14,14,0.3,2,NA,NA,163,3.54,10,0.22,NA,NA
2023,5,"Hentz, Morgan",3274,45,NA,NA,NA,1,NA,45,1,1,NA,NA,NA,168,5,0.63,212,4.71,NA,NA,NA,105
2023,6,"De La Cruz-Mejía, Bethania",3010,34,164,4.82,43,382,0.32,8,0.24,3,16,13,0.47,265,11,0.51,82,2.41,7,0.21,NA,135
2023,7,"Vander Weide, Lindsey",3118,38,103,2.71,36,336,0.2,6,0.16,NA,7,7,0.18,281,14,0.51,75,1.97,12,0.32,NA,144
2023,8,"Hilley, Sydney",3114,45,32,0.71,4,86,0.33,545,12.11,6,11,7,0.24,4,NA,NA,108,2.4,16,0.36,NA,NA
2023,9,"Collazo, Génesis",2980,44,81,1.84,34,261,0.18,4,0.09,1,4,6,0.09,2,NA,0.5,107,2.43,21,0.48,NA,1
2023,10,"Chaussee, Claire",2939,44,222,5.05,69,637,0.24,5,0.11,3,6,34,0.14,370,14,0.53,114,2.59,14,0.32,NA,196
2023,11,"McCage, Molly",2896,44,122,2.77,23,244,0.41,4,0.09,NA,3,16,0.07,7,NA,0.43,30,0.68,22,0.5,19,3
2023,12,"Rosenthal, Jenna",2657,44,93,2.11,19,215,0.34,2,0.05,1,6,7,0.14,17,1,0.41,43,0.98,19,0.43,19,7
2023,13,"Tomkom, Nootsara",2529,43,6,0.14,1,29,0.17,423,9.84,9,4,11,0.09,4,2,NA,132,3.07,4,0.09,NA,NA
2023,14,"Johnson, Willow",2333,46,183,3.98,71,479,0.23,2,0.04,1,4,20,0.09,1,NA,1,95,2.07,16,0.35,NA,1
2023,15,"Hippe, Saskia",2304,39,119,3.05,57,350,0.18,6,0.15,1,6,20,0.15,1,NA,1,92,2.36,11,0.28,NA,1
2023,15,"White, Kendall",2304,45,NA,NA,NA,NA,NA,42,0.93,NA,NA,NA,NA,244,11,0.57,176,3.91,NA,NA,NA,138
2023,17,"Vélez Agosto, Nomaris",2214,46,NA,NA,NA,NA,NA,43,0.93,NA,NA,NA,NA,218,7,0.56,187,4.07,NA,NA,NA,122
2023,18,"Pressley, Yossiana",2175,41,122,2.98,53,332,0.21,1,0.02,2,5,9,0.12,134,7,0.37,114,2.78,14,0.34,NA,50
2023,19,"Dixon, Tori",2151,46,67,1.46,13,163,0.33,7,0.15,1,2,6,0.04,11,NA,0.45,38,0.83,28,0.61,22,5
2023,20,"Brown, Kaz",2135,43,91,2.12,27,213,0.3,3,0.07,1,2,6,0.05,8,1,0.5,14,0.33,33,0.77,22,4
2023,21,"Benson, Amanda",2110,46,NA,NA,NA,NA,NA,31,0.67,1,NA,NA,NA,232,9,0.63,147,3.2,NA,NA,NA,146
2023,22,"Bruns Tegenrot, Taylor",2041,41,19,0.46,3,49,0.33,155,3.78,2,2,4,0.05,NA,NA,NA,42,1.02,5,0.12,NA,NA
2023,23,"Cruz, Aury",2014,38,67,1.76,31,228,0.16,8,0.21,2,5,9,0.13,211,4,0.57,108,2.84,5,0.13,NA,121
2023,24,"Bastianelli, Ali",2008,45,71,1.58,21,179,0.28,5,0.11,NA,9,18,0.2,9,NA,0.33,17,0.38,26,0.58,30,3
2023,25,"Childress, Alisha",1979,41,16,0.39,4,49,0.24,433,10.56,15,5,7,0.12,NA,NA,NA,101,2.46,10,0.24,NA,NA
2023,26,"Hart, Danielle",1927,18,37,2.06,10,95,0.28,3,0.17,NA,3,7,0.17,7,NA,0.57,16,0.89,16,0.89,14,4
2023,27,"Watson, Karis",1917,24,33,1.38,12,76,0.28,4,0.17,NA,2,10,0.08,6,2,0.17,10,0.42,4,0.17,11,1
2023,28,"Willis, Emma",1840,30,45,1.5,13,106,0.3,3,0.1,NA,2,7,0.07,6,1,0.33,19,0.63,5,0.17,19,2
2023,29,"Gonzaga, Sassá",1751,17,2,0.12,2,15,NA,3,0.18,NA,NA,NA,NA,52,1,0.56,42,2.47,NA,NA,NA,29
2023,30,"Stalzer, Lindsay",1696,15,15,1,5,83,0.12,1,0.07,NA,NA,3,NA,24,2,0.54,17,1.13,1,0.07,NA,13
2023,31,"Fanning, Shelly",1695,33,42,1.27,10,90,0.36,6,0.18,NA,7,8,0.21,3,2,NA,23,0.7,5,0.15,11,NA
2023,32,"Caffey, Kayla",1676,30,50,1.67,16,99,0.34,2,0.07,NA,NA,13,NA,5,2,NA,12,0.4,26,0.87,11,NA
2023,33,"Fairs, Erin",1625,28,45,1.61,19,133,0.2,7,0.25,NA,3,9,0.11,205,14,0.42,70,2.5,9,0.32,NA,86
2023,34,"Reed, Nia",1609,15,30,2,21,125,0.07,2,0.13,NA,1,NA,0.07,NA,NA,NA,31,2.07,6,0.4,NA,NA
2023,35,"McClendon, Deja",1607,18,19,1.06,12,79,0.09,2,0.11,2,NA,2,NA,80,3,0.48,45,2.5,1,0.06,NA,38
2023,36,"Santos, Ray",1601,14,NA,NA,NA,NA,NA,NA,NA,NA,1,2,0.07,NA,NA,NA,1,0.07,NA,NA,NA,NA
2023,37,"Edelman-Cagliari, Nicole",1490,18,2,0.11,1,14,0.07,22,1.22,1,NA,2,NA,NA,NA,NA,36,2,6,0.33,NA,NA
2023,38,"Grote, Marin",1426,10,9,0.9,3,21,0.29,NA,NA,NA,4,6,0.4,NA,NA,NA,NA,NA,2,0.2,3,NA
2023,39,"Lukes, Katie",1263,27,62,2.3,42,223,0.09,5,0.19,NA,NA,8,NA,182,6,0.45,30,1.11,6,0.22,NA,81
2023,40,"Abbott, Symone",1208,8,10,1.25,7,38,0.08,NA,NA,NA,2,2,0.25,6,NA,0.33,8,1,NA,NA,NA,2
2023,41,"Mohler, Blake",1019,13,9,0.69,10,33,-0.03,1,0.08,NA,NA,1,NA,4,NA,0.75,12,0.92,7,0.54,2,3
2023,42,"Blossom, Gabby",1085,20,NA,NA,NA,1,NA,28,1.4,NA,NA,1,NA,NA,NA,NA,15,0.75,NA,NA,NA,NA
2023,43,"Schlegel, Maria",1001,12,8,0.67,5,36,0.08,2,0.17,1,NA,3,NA,37,1,0.65,19,1.58,NA,NA,NA,24
2023,44,"Parker-Robinson, Nia",902,8,12,1.5,9,35,0.09,NA,NA,NA,1,3,0.13,10,NA,0.3,4,0.5,NA,NA,NA,3
2023,45,"Adekunle, Anota",236,1,2,2,NA,3,0.67,NA,NA,NA,NA,NA,NA,NA,NA,NA,NA,NA,NA,NA,NA,NA
2024,1,"Abercrombie, Brittany",4521,46,224,4.87,54,582,0.29,6,0.13,2,9,7,0.2,1,NA,NA,141,3.07,12,0.26,NA,NA
2024,2,"De La Cruz-Mejía, Bethania",4142,46,201,4.37,59,517,0.27,12,0.26,NA,17,28,0.37,253,5,0.6,126,2.74,10,0.22,NA,151
2024,3,"Kingdon Rishel, Madi",3400,46,232,5.04,69,638,0.26,6,0.13,2,6,14,0.13,267,8,0.46,131,2.85,14,0.3,NA,123
2024,4,"Hentz, Morgan",3291,46,NA,NA,NA,NA,NA,58,1.26,2,NA,NA,NA,153,3,0.56,242,5.26,NA,NA,NA,85
2024,5,"Member-Meneh, Leketor",3252,44,164,3.73,65,438,0.23,16,0.36,NA,16,33,0.36,360,9,0.52,120,2.73,16,0.36,NA,186
2024,6,"Drews, Dani",3192,45,167,3.71,56,501,0.22,8,0.18,1,4,9,0.09,418,14,0.51,135,3,17,0.38,NA,213
2024,7,"Kojima, Manami",2962,45,NA,NA,NA,NA,NA,47,1.04,NA,NA,NA,NA,146,5,0.65,196,4.36,NA,NA,NA,95
2024,8,"Hoffman, Claire",2926,46,125,2.72,45,399,0.2,16,0.35,NA,6,7,0.13,341,12,0.58,109,2.37,10,0.22,NA,198
2024,9,"Thomas-Ailara, Temi",2924,40,135,3.38,38,344,0.28,9,0.23,NA,4,8,0.1,259,8,0.42,84,2.1,12,0.3,NA,110
2024,10,"Valentin-Anderson, Natalia",2828,46,20,0.43,3,53,0.32,549,11.93,7,5,10,0.11,NA,NA,NA,178,3.87,8,0.17,NA,NA
2024,11,"Johnson, Willow",2729,40,135,3.38,48,411,0.21,4,0.1,1,6,12,0.15,1,1,NA,91,2.28,15,0.38,NA,NA
2024,12,"Dixon, Tori",2579,47,69,1.47,10,158,0.37,7,0.15,NA,2,5,0.04,20,NA,0.55,26,0.55,21,0.45,33,11
2024,13,"Bell, Khat",2560,46,152,3.3,59,418,0.22,14,0.3,3,2,13,0.04,1,NA,NA,122,2.65,22,0.48,NA,NA
2024,14,"Hilley, Sydney",2506,44,14,0.32,5,59,0.15,462,10.5,4,10,13,0.23,1,1,NA,118,2.68,9,0.2,NA,NA
2024,15,"Childress, Alisha",2426,46,11,0.24,1,19,0.53,360,7.83,2,1,7,0.02,NA,NA,NA,93,2.02,13,0.28,NA,NA
2024,16,"Bugg, Madi",2411,30,11,0.37,2,30,0.3,307,10.23,2,2,2,0.07,1,NA,NA,89,2.97,6,0.2,NA,NA
2024,17,"Haneline, Kayla",2295,34,48,1.41,9,88,0.44,NA,NA,2,7,22,0.21,8,1,0.5,25,0.74,21,0.62,15,4
2024,18,"Nuneviller, Brooke",2271,46,160,3.48,72,514,0.17,15,0.33,1,1,10,0.02,185,14,0.44,165,3.59,4,0.09,NA,82
2024,19,"Vander Weide, Lindsey",2210,44,104,2.36,58,344,0.13,7,0.16,1,6,9,0.14,421,19,0.49,99,2.25,13,0.3,NA,207
2024,20,"McCage, Molly",2175,46,92,2,31,237,0.26,6,0.13,3,1,13,0.02,4,NA,0.75,12,0.26,40,0.87,24,3
2024,21,"Caffey, Kayla",2144,44,63,1.43,20,147,0.29,2,0.05,NA,8,24,0.18,17,NA,0.71,24,0.55,31,0.7,23,12
2024,22,"Vélez Agosto, Nomaris",2093,46,NA,NA,NA,NA,NA,45,0.98,NA,NA,NA,NA,290,17,0.47,168,3.65,NA,NA,NA,135
2024,23,"Monserez, Marlie",2017,29,13,0.45,1,29,0.41,202,6.97,2,3,4,0.1,1,NA,NA,81,2.79,5,0.17,NA,NA
2024,24,"Page, Lauren",1968,36,48,1.33,10,113,0.34,3,0.08,NA,7,18,0.19,13,1,0.54,10,0.28,14,0.39,18,7
2024,25,"Tomkom, Nootsara",1958,33,1,0.03,NA,2,0.5,189,5.73,5,2,3,0.06,1,NA,1,68,2.06,NA,NA,NA,1
2024,26,"Rosenthal, Jenna",1955,36,53,1.47,16,129,0.29,8,0.22,2,4,4,0.11,6,NA,0.67,16,0.44,10,0.28,18,4
2024,27,"Payne, Kelsie",1953,29,70,2.41,19,210,0.24,1,0.03,NA,NA,3,NA,NA,NA,NA,68,2.34,10,0.34,NA,NA
2024,28,"Lake, Mary",1934,45,NA,NA,NA,NA,NA,36,0.8,2,NA,NA,NA,317,11,0.58,178,3.96,NA,NA,NA,183
2024,29,"Brown, Kaz",1891,46,58,1.26,25,158,0.21,3,0.07,4,6,16,0.13,8,NA,0.75,16,0.35,31,0.67,24,6
2024,30,"Briggs-Romine, Paige",1801,23,1,0.04,NA,8,0.13,NA,NA,NA,2,2,0.09,13,NA,0.77,13,0.57,NA,NA,NA,10
2024,31,"Thater, Emily",1799,45,52,1.16,21,142,0.22,8,0.18,NA,6,8,0.13,5,NA,0.4,13,0.29,36,0.8,19,2
2024,32,"Bruns Tegenrot, Taylor",1689,44,2,0.05,NA,4,0.5,16,0.36,NA,3,5,0.07,NA,NA,NA,13,0.3,NA,NA,NA,NA
2024,33,"Day, Gia",1650,19,23,1.21,4,51,0.37,3,0.16,NA,3,9,0.16,72,6,0.44,30,1.58,NA,NA,NA,32
2024,34,"Mayfield, Allison",1576,28,34,1.21,17,108,0.16,4,0.14,NA,NA,4,NA,175,10,0.57,52,1.86,3,0.11,NA,100
2024,35,"Casanova, Heydi",1564,18,26,1.44,25,107,0.01,NA,NA,NA,4,9,0.22,NA,NA,NA,42,2.33,6,0.33,NA,NA
2024,36,"Oblad, Berkeley",1492,17,17,1,10,49,0.14,1,0.06,NA,2,NA,0.12,1,1,NA,4,0.24,7,0.41,2,NA
2024,37,"Atkinson, Sherridan",1467,20,31,1.55,11,71,0.28,1,0.05,NA,NA,NA,NA,NA,NA,NA,14,0.7,5,0.25,NA,NA
2024,38,"Collazo, Génesis",1393,16,9,0.56,9,43,NA,NA,NA,NA,NA,NA,NA,NA,NA,NA,17,1.06,2,0.13,NA,NA
2024,39,"Latham, Becca",1368,9,13,1.44,2,27,0.41,1,0.11,NA,NA,NA,NA,NA,NA,NA,7,0.78,1,0.11,NA,NA
2024,40,"White, M'kaela",1340,1,NA,NA,NA,1,NA,NA,NA,NA,NA,NA,NA,NA,NA,NA,NA,NA,NA,NA,NA,NA
2024,41,"Blossom, Gabby",1314,34,NA,NA,NA,NA,NA,36,1.06,NA,3,1,0.09,NA,NA,NA,30,0.88,NA,NA,NA,NA
2024,42,"Clark, Tess",1220,2,NA,NA,NA,NA,NA,NA,NA,NA,NA,NA,NA,NA,NA,NA,NA,NA,NA,NA,NA,NA
2024,43,"Fairs, Erin",1147,11,NA,NA,NA,NA,NA,NA,NA,NA,NA,1,NA,2,NA,NA,3,0.27,NA,NA,NA,NA
2024,44,"Watson, Karis",1137,25,34,1.36,18,86,0.19,1,0.04,NA,NA,9,NA,4,NA,0.5,8,0.32,9,0.36,20,2
2025,1,"Thompson, Jordan",3563,37,229,6.19,62,517,0.32,5,0.14,NA,7,14,0.19,1,NA,NA,99,2.68,11,0.3,NA,NA
2025,2,"Cooper, Reagan",3015,36,157,4.36,34,391,0.31,1,0.03,1,1,2,0.03,135,7,0.26,36,1,8,0.22,NA,35
2025,3,"Zilio Pereira, Natália",2706,37,118,3.19,35,314,0.26,7,0.19,1,10,9,0.27,220,12,0.52,110,2.97,16,0.43,NA,114
2025,4,"Drews, Dani",2600,37,155,4.19,54,391,0.26,8,0.22,1,3,11,0.08,187,10,0.42,105,2.84,8,0.22,NA,79
2025,5,"Kingdon Rishel, Madi",2446,37,147,3.97,45,414,0.25,4,0.11,NA,5,11,0.14,418,16,0.4,108,2.92,11,0.3,NA,167
2025,6,"Valentin-Anderson, Natalia",2388,37,18,0.49,2,45,0.36,434,11.73,5,4,13,0.11,1,NA,NA,130,3.51,9,0.24,NA,NA
2025,7,"Hoffman, Claire",2386,36,95,2.64,30,328,0.2,7,0.19,1,8,6,0.22,241,14,0.54,91,2.53,3,0.08,NA,130
2025,8,"Hentz, Morgan",2355,36,1,0.03,NA,1,1,42,1.17,NA,NA,NA,NA,156,9,0.54,169,4.69,NA,NA,NA,84
2025,9,"Abercrombie, Brittany",2318,37,145,3.92,42,401,0.26,7,0.19,1,1,6,0.03,NA,NA,NA,112,3.03,9,0.24,NA,NA
2025,10,"Hilley, Sydney",2215,31,14,0.45,3,35,0.31,305,9.84,4,3,6,0.1,NA,NA,NA,90,2.9,12,0.39,NA,NA
2025,11,"Nuneviller, Brooke",2163,36,84,2.33,28,264,0.21,6,0.17,1,7,2,0.19,242,9,0.46,93,2.58,5,0.14,NA,112
2025,12,"Dixon, Tori",2046,37,46,1.24,11,102,0.34,9,0.24,NA,10,4,0.27,2,NA,0.5,17,0.46,26,0.7,17,1
2025,13,"Sandbothe, Taylor",1960,36,53,1.47,14,153,0.25,1,0.03,NA,13,12,0.36,5,NA,0.6,19,0.53,23,0.64,13,3
2025,14,"Pannoy, Piyanut",1957,37,NA,NA,NA,NA,NA,41,1.11,NA,NA,NA,NA,152,8,0.47,139,3.76,NA,NA,NA,72
2025,15,"Monserez, Marlie",1946,28,7,0.25,4,28,0.11,210,7.5,1,1,6,0.04,NA,NA,NA,69,2.46,1,0.04,NA,NA
2025,16,"McCage, Molly",1938,36,69,1.92,14,159,0.35,3,0.08,2,3,15,0.08,7,1,0.29,19,0.53,34,0.94,21,2
2025,17,"Gray, Alexa",1889,27,77,2.85,28,209,0.23,2,0.07,NA,3,3,0.11,248,13,0.46,53,1.96,6,0.22,NA,113
2025,18,"Parsons, Sarah",1750,37,42,1.14,18,152,0.16,7,0.19,NA,5,7,0.14,252,15,0.45,85,2.3,3,0.08,NA,113
2025,19,"De La Cruz-Mejía, Bethania",1743,36,123,3.42,35,335,0.26,4,0.11,NA,11,15,0.31,215,18,0.5,71,1.97,4,0.11,NA,108
2025,20,"Thomas-Ailara, Temi",1706,28,78,2.79,32,237,0.19,4,0.14,NA,2,7,0.07,34,3,0.26,68,2.43,10,0.36,NA,9
2025,21,"Wong-Orantes, Justine",1668,37,NA,NA,NA,NA,NA,38,1.03,NA,NA,NA,NA,93,6,0.6,106,2.86,NA,NA,NA,56
2025,22,"Caffey, Kayla",1652,36,47,1.31,9,99,0.38,1,0.03,4,10,24,0.28,9,1,0.44,25,0.69,14,0.39,17,4
2025,23,"Kojima, Manami",1638,36,NA,NA,NA,NA,NA,44,1.22,NA,NA,NA,NA,106,3,0.62,140,3.89,NA,NA,NA,66
2025,24,"Fischer, Sophie",1603,33,31,0.94,7,91,0.26,4,0.12,2,11,18,0.33,3,NA,1,17,0.52,24,0.73,16,3
2025,25,"Goetzinger, Elise",1588,11,13,1.18,2,19,0.58,NA,NA,NA,2,4,0.18,NA,NA,NA,6,0.55,7,0.64,5,NA
2025,26,"Bugg, Madi",1575,30,12,0.4,3,34,0.26,274,9.13,7,3,9,0.1,NA,NA,NA,85,2.83,5,0.17,NA,NA
2025,27,"Bell, Khat",1546,34,63,1.85,34,219,0.13,3,0.09,NA,1,5,0.03,NA,NA,NA,67,1.97,15,0.44,NA,NA
2025,28,"Chaussee, Claire",1497,30,5,0.17,6,28,-0.04,2,0.07,NA,5,10,0.17,110,6,0.34,41,1.37,NA,NA,NA,37
2025,29,"Hancock, Micha",1472,25,17,0.68,7,50,0.2,245,9.8,4,7,20,0.28,1,NA,NA,65,2.6,3,0.12,NA,NA
2025,30,"Guedpard, Chompoo",1468,20,2,0.1,NA,5,0.4,190,9.5,4,4,3,0.2,NA,NA,NA,42,2.1,3,0.15,NA,NA
2025,31,"Legros, Annayka",1410,23,26,1.13,7,54,0.35,4,0.17,1,4,12,0.17,2,1,NA,12,0.52,13,0.57,9,NA
2025,32,"Gray, Serena",1408,36,78,2.17,18,153,0.39,3,0.08,NA,5,22,0.14,6,NA,0.33,17,0.47,12,0.33,18,2
2025,32,"Thater, Emily",1408,28,37,1.32,5,77,0.42,4,0.14,NA,6,10,0.21,2,NA,0.5,20,0.71,19,0.68,13,1
2025,34,"Graham, Carly",1385,14,1,0.07,NA,1,1,2,0.14,NA,NA,NA,NA,NA,NA,NA,3,0.21,NA,NA,NA,NA
2025,35,"Haynes, Maddie",1313,22,23,1.05,14,69,0.13,1,0.05,1,3,2,0.14,80,6,0.34,36,1.64,2,0.09,NA,27
2025,36,"Grubbs, Tessa",1269,1,NA,NA,5,8,-0.63,NA,NA,NA,NA,2,NA,NA,NA,NA,1,1,NA,NA,NA,NA
2025,37,"Casanova, Heydi",1131,9,14,1.56,10,50,0.08,1,0.11,NA,1,5,0.11,NA,NA,NA,18,2,3,0.33,NA,NA
2025,38,"Ofoegbu, Onye",1064,4,5,1.25,1,8,0.5,NA,NA,NA,1,2,0.25,2,1,NA,NA,NA,1,0.25,NA,NA
2025,39,"Teixeira, Lorenne",1062,8,9,1.13,8,40,0.03,1,0.13,NA,NA,NA,NA,NA,NA,NA,9,1.13,NA,NA,NA,NA
2025,40,"Vicini, McKenna",1028,13,8,0.62,8,26,NA,NA,NA,NA,2,4,0.15,3,1,0.33,6,0.46,8,0.62,6,1
2025,41,"Bergmark, Bella",972,3,2,0.67,1,5,0.2,NA,NA,NA,NA,NA,NA,NA,NA,NA,NA,NA,2,0.67,2,NA
2025,42,"Fields, Skylar",880,7,NA,NA,1,1,-1,NA,NA,NA,NA,NA,NA,NA,NA,NA,NA,NA,1,0.14,NA,NA
2025,43,"Winters, Jaali",843,13,15,1.15,7,53,0.15,1,0.08,NA,NA,2,NA,31,NA,0.48,4,0.31,1,0.08,NA,15
2025,44,"Blossom, Gabby",759,14,NA,NA,NA,NA,NA,NA,NA,NA,1,1,0.07,NA,NA,NA,3,0.21,NA,NA,NA,NA
